{"training_loss": 0.11544155329465866, "validation_loss": 0.2932886481285095, "training_accuracy": 0.96, "best_epoch_validation_accuracy": 0.8873333333333333, "best_epoch_validation_loss": 0.28926053643226624}