{"training_loss": 0.20856662094593048, "validation_loss": 0.32476580142974854, "training_accuracy": 0.9274, "best_epoch_validation_accuracy": 0.8573333333333333, "best_epoch_validation_loss": 0.3257199227809906}