{"training_loss": 0.2322135865688324, "validation_loss": 0.3175700902938843, "training_accuracy": 0.9586, "best_epoch_validation_accuracy": 0.8863333333333333, "best_epoch_validation_loss": 0.32907259464263916}