{"training_loss": 0.2053384929895401, "validation_loss": 0.3268487751483917, "training_accuracy": 0.9272, "best_epoch_validation_accuracy": 0.8586666666666667, "best_epoch_validation_loss": 0.3268487751483917}