{"training_loss": 0.6593764424324036, "validation_loss": 0.6565427184104919, "training_accuracy": 0.63715, "best_epoch_validation_accuracy": 0.6303, "best_epoch_validation_loss": 0.6565427184104919}