{"training_loss": 0.3913785219192505, "validation_loss": 0.4320828914642334, "training_accuracy": 0.868, "best_epoch_validation_accuracy": 0.8163333333333334, "best_epoch_validation_loss": 0.4320828914642334}