{"training_loss": 0.154123917222023, "validation_loss": 0.30082350969314575, "training_accuracy": 0.9412, "best_epoch_validation_accuracy": 0.887, "best_epoch_validation_loss": 0.30082350969314575}