{"training_loss": 0.37140902876853943, "validation_loss": 0.4224463403224945, "training_accuracy": 0.9554, "best_epoch_validation_accuracy": 0.8893333333333333, "best_epoch_validation_loss": 0.4409387409687042}