{"training_loss": 0.15987947583198547, "validation_loss": 0.2802484929561615, "training_accuracy": 0.9602, "best_epoch_validation_accuracy": 0.8866666666666667, "best_epoch_validation_loss": 0.29930347204208374}