{"training_loss": 0.29825839400291443, "validation_loss": 0.33110311627388, "training_accuracy": 0.8816, "best_epoch_validation_accuracy": 0.8596666666666667, "best_epoch_validation_loss": 0.33110311627388}