{"training_loss": 0.27962666749954224, "validation_loss": 0.34852686524391174, "training_accuracy": 0.9148, "best_epoch_validation_accuracy": 0.8533333333333334, "best_epoch_validation_loss": 0.34852686524391174}